year,emissions_kg_per_s,region,MtCO2_per_year
1850,2349.4080054039837,usa,74.09093085842002
1851,7895.78692946188,usa,249.00153660750985
1852,8240.774829413038,usa,259.88107502036956
1853,8461.728714574956,usa,266.8490767428358
1854,8769.438943910076,usa,276.55302653514815
1855,9079.146515566727,usa,286.3199645149123
1856,9144.444274471434,usa,288.37919463973117
1857,9481.78061891538,usa,299.0174335981154
1858,9746.194702434239,usa,307.35599613596617
1859,9759.625687528778,usa,307.77955568190754
1860,9972.748616688372,usa,314.5006003758845
1861,6988.983118189525,usa,220.40457161522485
1862,7027.9774097093905,usa,221.63429559259535
1863,7360.183095329016,usa,232.11073409429588
1864,7107.225919042627,usa,224.1334765829283
1865,7574.660129800941,usa,238.87448185340247
1866,7327.615662549401,usa,231.08368753415792
1867,7220.050558069898,usa,227.6915143992923
1868,7571.172243429351,usa,238.764487868788
1869,7531.090084652788,usa,237.5004569096103
1870,7625.813354869497,usa,240.48764995916446
1871,17455.53130201591,usa,550.4776351403736
1872,17788.85706875661,usa,560.9893965203084
1873,18333.954523150325,usa,578.1795898420686
1874,18379.59809158157,usa,579.6190054161165
1875,19441.701674253487,usa,613.1135039992579
1876,18892.837397860134,usa,595.8045201789172
1877,19402.795647231465,usa,611.8865635310915
1878,20178.72072146151,usa,636.3561366720102
1879,20276.735202255284,usa,639.4471213383226
1880,20939.61522216338,usa,660.3517056461443
1881,15545.700684367805,usa,490.2492167822231
1882,16124.632513216433,usa,508.50641093679343
1883,16115.912604585588,usa,508.23141989821113
1884,16389.309575164658,usa,516.8532667623926
1885,16070.125795570522,usa,506.787487089112
1886,18083.73360227607,usa,570.288622881378
1887,17398.868938919066,usa,548.6907308577516
1888,17806.78495274379,usa,561.5547702697281
1889,18588.642621216382,usa,586.2114337026798
1890,18515.507623767786,usa,583.9050484231409
1891,26080.073743564353,usa,822.4612055770455
1892,25962.007959774473,usa,818.7378830194477
1893,27020.836103734695,usa,852.1290873673773
1894,27107.278253585737,usa,854.8551270050798
1895,28038.285334869182,usa,884.2153663204346
1896,28113.234264842653,usa,886.5789557760779
1897,28355.396681213446,usa,894.2157897387472
1898,28656.427525495874,usa,903.7090984440379
1899,28399.59891782633,usa,895.6097514725711
1900,29505.74171108499,usa,930.4930706007763
1901,22251.779626362983,usa,701.732122296983
1902,22294.920615492218,usa,703.0926165301626
1903,22643.03800669075,usa,714.0708465789995
1904,22201.68539653928,usa,700.1523506652627
1905,22211.007298246284,usa,700.4463261574949
1906,23650.731780737464,usa,745.8494774373366
1907,24108.079339643766,usa,760.2723900550058
1908,23250.100258429797,usa,733.2151617498421
1909,24600.794551950556,usa,775.8106569903127
1910,24389.324853095855,usa,769.1417485672308
1911,22562.285517876324,usa,711.5242360917478
1912,22639.65696744493,usa,713.9642221253434
1913,22541.187608345947,usa,710.8588924167977
1914,22307.852157877747,usa,703.5004256508327
1915,22377.06278698778,usa,705.6830520504467
1916,22230.322938443293,usa,701.0554641867477
1917,22777.12890681501,usa,718.2995372053182
1918,22455.826752857818,usa,708.1669524781241
1919,22934.512589847127,usa,723.2627890334189
1920,22693.069192875948,usa,715.6486300665359
1921,24377.71085557622,usa,768.7754895414516
1922,25521.360015029164,usa,804.8416094339597
1923,25639.252984410294,usa,808.559482116363
1924,26087.08571640866,usa,822.6823351526634
1925,26640.98138062333,usa,840.1499888193373
1926,25791.609922938867,usa,813.3642105298002
1927,26197.330151502785,usa,826.1590036577919
1928,26839.64802495205,usa,846.4151401148878
1929,27753.100759134646,usa,875.2217855400702
1930,26449.243902757047,usa,834.1033557173462
1931,25666.67408749016,usa,809.4242340230896
1932,25172.549356188218,usa,793.8415164967516
1933,25445.728113620586,usa,802.4564817911388
1934,25208.888499305485,usa,794.9875077140978
1935,25464.663752650493,usa,803.053636103586
1936,25471.695426590868,usa,803.2753869729696
1937,25825.254496887577,usa,814.4252258138466
1938,25701.633463203183,usa,810.5267128955755
1939,26474.700476749294,usa,834.9061542347657
1940,24890.28762575833,usa,784.9401105659147
1941,26255.696587968618,usa,827.9996475981784
1942,26050.456648940202,usa,821.5272008809783
1943,26361.02035710076,usa,831.3211379815295
1944,27083.634970270014,usa,854.1095124224352
1945,27452.38156293065,usa,865.7383049685809
1946,28631.475444409753,usa,902.922209614906
1947,27526.2388020038,usa,868.0674668599919
1948,26586.44813843379,usa,838.430228493648
1949,28072.56194690817,usa,885.2963135576961
1950,27319.99773157822,usa,861.5634484630508
1951,23610.504513027583,usa,744.5808703228379
1952,24466.119871225368,usa,771.5635562589632
1953,25194.453079346928,usa,794.5322723102846
1954,24321.517350334983,usa,767.0033711601641
1955,26334.34395266663,usa,830.4798708912948
1956,25850.72974651871,usa,815.2286132862141
1957,25970.029579118152,usa,818.99085280707
1958,26422.06940929581,usa,833.2463808915527
1959,26625.88301099365,usa,839.6738466346958
1960,26480.570706382292,usa,835.0912777964719
1961,26134.144324506666,usa,824.1663754176423
1962,25781.13317705372,usa,813.0338158715662
1963,26361.07088944696,usa,831.3227315695993
1964,26600.390264121615,usa,838.8699073693392
1965,27419.37003713303,usa,864.6972534910273
1966,27568.309724134644,usa,869.3942154603102
1967,27052.467844290182,usa,853.1266259375352
1968,27087.757337239902,usa,854.2395153871975
1969,29095.27568710414,usa,917.5486140685161
1970,28392.961911170383,usa,895.4004468306692
1971,29015.22937426719,usa,915.0242735468902
1972,28723.638104540092,usa,905.8286512647763
1973,29730.223124784254,usa,937.5723164631962
1974,29865.486162785237,usa,941.8379716295952
1975,29826.91926427814,usa,940.6217259182755
1976,29620.801378568012,usa,934.1215922745208
1977,30224.241416715722,usa,953.151677317547
1978,29860.35409255288,usa,941.6761266627476
1979,30717.437128072284,usa,968.7050972708876
1980,30768.987949396524,usa,970.3308039721688
1981,31057.602191759852,usa,979.4325427193387
1982,31263.396380222144,usa,985.9224682466855
1983,28932.835594597975,usa,912.4259033112417
1984,31379.112766600676,usa,989.5717002075189
1985,32764.984827499473,usa,1033.2765615200235
1986,31747.97845355917,usa,1001.204248511442
1987,31385.514788761127,usa,989.773594378371
1988,33773.07746007728,usa,1065.067770780997
1989,30496.251618152473,usa,961.7297910300564
1990,31249.65214424145,usa,985.4890300207984
1991,32837.7195186527,usa,1035.5703227402316
1992,34460.19825706082,usa,1086.7368122346702
1993,33253.358225744465,usa,1048.6779050070775
1994,32371.060302782596,usa,1020.853757708552
1995,32246.049979472115,usa,1016.9114321526325
1996,32947.6390589585,usa,1039.0367453633153
1997,33897.301956486575,usa,1068.9853144997605
1998,34059.86535391264,usa,1074.111913800989
1999,30956.713692515845,usa,976.2509230071797
2000,34016.494720587776,usa,1072.744177508456
2001,32437.396491905314,usa,1022.945735768726
2002,31899.18405042555,usa,1005.9726682142201
2003,32439.13047622051,usa,1023.0004186980901
2004,32024.740735807598,usa,1009.9322238444284
2005,32823.37974260467,usa,1035.118103562781
2006,31784.033868439958,usa,1002.3412920751225
2007,32781.88127776465,usa,1033.809407975586
2008,32088.533417285293,usa,1011.943989847509
2009,32742.77481277258,usa,1032.576146495596
2010,29847.039430330246,usa,941.2562354748947
2011,31296.659067730314,usa,986.9714403599432
2012,35553.95309977345,usa,1121.2294649544554
2013,31549.130971007897,usa,994.9333943017051
2014,34592.298347005744,usa,1090.902720671173
1850,11.921544477351508,canada,0.3759578266377572
1851,118.2049120091923,canada,3.727710105121888
1852,119.23423540438633,canada,3.760170847712727
1853,123.01010530814112,canada,3.8792466809975386
1854,121.04080383625997,canada,3.8171427897802945
1855,133.73306830545792,canada,4.217406042080921
1856,128.0832892125923,canada,4.039234608608311
1857,134.626054948808,canada,4.245567268865608
1858,136.22120501166953,canada,4.295871921248009
1859,148.83422073493617,canada,4.693635985096947
1860,146.7426356435885,canada,4.627675757656207
1861,199.58330086177764,canada,6.294058975977021
1862,198.75515996621883,canada,6.267942724694677
1863,201.90036591167612,canada,6.367129939390618
1864,201.39078779208106,canada,6.351059883811068
1865,215.78565065975613,canada,6.805016279206069
1866,209.45701660641762,canada,6.605436475699986
1867,210.36619051638652,canada,6.6341081841247656
1868,228.96599070824962,canada,7.2206714829753595
1869,221.8698510245215,canada,6.996887621909309
1870,246.33582555128973,canada,7.768446594585473
1871,198.22395307424142,canada,6.251190584149278
1872,202.55852557320182,canada,6.387885662476493
1873,205.43436890120984,canada,6.478578257668554
1874,221.13328147786228,canada,6.973659164685865
1875,207.65794172994708,canada,6.548700850395611
1876,221.89081839008392,canada,6.997548848749687
1877,218.2078125411721,canada,6.881401576298404
1878,245.00462221776604,canada,7.72646576625947
1879,228.34544782385345,canada,7.201102042573042
1880,239.09204310895257,canada,7.540006671483928
1881,357.9961714760327,canada,11.289767263668168
1882,375.32498570801596,canada,11.836248749287991
1883,381.72870548983184,canada,12.038196456327338
1884,401.8024841755835,canada,12.671243140961202
1885,407.7334571320618,canada,12.8582823041167
1886,415.39768266473567,canada,13.099981320515104
1887,409.7710887173855,canada,12.92254105379147
1888,429.55513155475575,canada,13.546450628710778
1889,450.86668574916393,canada,14.218531801785634
1890,428.06572444927195,canada,13.499480686232241
1891,480.776254684416,canada,15.161759967727743
1892,492.89302210574806,canada,15.543874345126872
1893,484.8070247021783,canada,15.288874331007895
1894,490.08941263392495,canada,15.455459716823457
1895,517.3024432476719,canada,16.31364985025858
1896,535.1334798867545,canada,16.87596942170869
1897,565.1224516046178,canada,17.821701633803226
1898,572.5409923289412,canada,18.05565273408549
1899,576.5602452873437,canada,18.182403895381672
1900,588.3102631334973,canada,18.55295245817797
1901,1928.7633162845466,canada,60.82547994234947
1902,2000.4411546396143,canada,63.08591225271488
1903,2079.4854465604967,canada,65.57865304273183
1904,2116.9165483279457,canada,66.7590802680701
1905,2176.0674159449904,canada,68.62446202924122
1906,2251.923319442871,canada,71.01665380195038
1907,2280.51347595051,canada,71.91827297757528
1908,2282.1033246627258,canada,71.96841044656372
1909,2462.036984851831,canada,77.64279835428735
1910,2504.603885687411,canada,78.98518813903819
1911,2873.226031592747,canada,90.61005613230887
1912,2966.0214245432294,canada,93.53645164439529
1913,3044.8324053718247,canada,96.02183473580587
1914,3038.031758853261,canada,95.80736954719644
1915,3309.1299048136193,canada,104.35672067820231
1916,3259.9339214283114,canada,102.80527614616322
1917,3314.902864306578,canada,104.53877672877225
1918,3413.4894236725145,canada,107.64780246493642
1919,3433.8120233043937,canada,108.28869596692736
1920,3499.9857691525285,canada,110.37555121599414
1921,2694.884379462764,canada,84.98587379073773
1922,2866.176104287842,canada,90.38772962482138
1923,2740.716529188066,canada,86.43123646447485
1924,2730.5971808757295,canada,86.112112696097
1925,2843.1947650893594,canada,89.66299011185804
1926,2788.6812137784286,canada,87.94385075771652
1927,2944.0657103097387,canada,92.84405624032793
1928,2830.8599428821467,canada,89.27399915873139
1929,2914.692855889108,canada,91.91775390331891
1930,2969.675210361656,canada,93.65167743396518
1931,4379.083333954106,canada,138.0987720195767
1932,4504.010822885108,canada,142.03848531050477
1933,4660.230278110658,canada,146.9650220504977
1934,4702.066811739857,canada,148.28437897502815
1935,4952.018221202117,canada,156.16684662382997
1936,4845.766039056757,canada,152.8160778076939
1937,5074.884551224293,canada,160.0415592074093
1938,5072.492871148354,canada,159.96613518453452
1939,5160.9182682687615,canada,162.75471850812366
1940,4786.6858233082385,canada,150.9529241238486
1941,4704.835672256515,canada,148.37169776028145
1942,4873.735457475935,canada,153.69812138696108
1943,5017.033801282596,canada,158.21717795724797
1944,4979.527368170414,canada,157.03437508262215
1945,5099.463484448844,canada,160.81668044557873
1946,5206.08910634497,canada,164.179226057695
1947,5385.268968733649,canada,169.82984219798433
1948,5093.507135246586,canada,160.62884101713632
1949,5097.2008478623175,canada,160.74532593818603
1950,5750.229442353132,canada,181.33923569404837
1951,5673.596309094704,canada,178.92253320361058
1952,5616.807020592097,canada,177.13162620139235
1953,5475.633720186706,canada,172.679584999808
1954,5655.242647196483,canada,178.34373212198827
1955,5662.664542412406,canada,178.57778900951763
1956,6043.381084115841,canada,190.58406586867716
1957,5187.0555716952895,canada,163.57898450898264
1958,6321.172741958304,canada,199.34450359039707
1959,5977.835897734621,canada,188.51703287095899
1960,5678.133461176908,canada,179.06561683167496
1961,3973.597982208709,canada,125.31138596693384
1962,4151.26513002023,canada,130.91429714031796
1963,3578.716777350008,canada,112.85841229050986
1964,3877.691235947356,canada,122.28687081683582
1965,3604.3631732942945,canada,113.66719703300886
1966,3762.368672746715,canada,118.65005846374042
1967,3903.9505392474384,canada,123.11498420570722
1968,4095.523801654713,canada,129.15643860898302
1969,3840.349343667937,canada,121.10925690191206
1970,3687.0128478854253,canada,116.27363717091478
1971,3858.8450494718286,canada,121.69253748014359
1972,3549.911894987314,canada,111.95002152031994
1973,4516.3700197141325,canada,142.4282449417049
1974,4160.741411673568,canada,131.21314115853764
1975,4236.078044102755,canada,133.58895719882446
1976,4100.635447717871,canada,129.3176394792308
1977,4111.615128977904,canada,129.66389470744718
1978,3720.3021816931173,canada,117.32344960187415
1979,4875.7402967541375,canada,153.7613459984385
1980,4443.235385347176,canada,140.12187111230853
1981,4150.735777073515,canada,130.89760346579038
1982,4211.403578075843,canada,132.8108232381998
1983,4574.763878442496,canada,144.26975367056255
1984,4619.099789092451,canada,145.66793094881953
1985,4830.915370677354,canada,152.34774712968104
1986,4342.62597681757,canada,136.94905280491886
1987,4411.720296260041,canada,139.12801126285666
1988,5379.642846928028,canada,169.6524168207223
1989,4700.744509333782,canada,148.24267884635015
1990,4588.38982173721,canada,144.69946141830465
1991,4047.525302464908,canada,127.64275793853332
1992,5170.351839265263,canada,163.05221560306933
1993,4829.0852513548,canada,152.29003248672498
1994,4613.978711378592,canada,145.50643264203526
1995,5024.327514490425,canada,158.44719249697002
1996,4363.268938277658,canada,137.60004923752422
1997,5378.535981868339,canada,169.61751072419995
1998,4967.177285144601,canada,156.64490286432013
1999,5169.025354215187,canada,163.0103835705301
2000,5253.238258312661,canada,165.66612171414806
2001,4913.022584636586,canada,154.93708022909937
2002,5305.014879656974,canada,167.29894924486234
2003,5419.972928342034,canada,170.92426626819437
2004,5221.932317156902,canada,164.67885755386007
2005,5601.05616222367,canada,176.63490713188565
2006,5396.579414086827,canada,170.18652840264215
2007,5769.596128650446,canada,181.9499835131205
2008,5214.311598431655,canada,164.43853056814066
2009,5458.667381427032,canada,172.14453454068286
2010,4004.539258770635,canada,126.28715006459075
2011,4276.345056536163,canada,134.85881770292443
2012,8139.793270293914,canada,256.6965205719889
2013,5267.997109422574,canada,166.1315568427503
2014,5356.56531258575,canada,168.9246436977042
1850,360.4668027870793,uk,11.367681092693333
1851,385.4999143579773,uk,12.15712529919317
1852,390.90113959886327,uk,12.327458338389752
1853,404.92480743883806,uk,12.769708727391198
1854,361.47558538715515,uk,11.399494060769324
1855,354.9706976155121,uk,11.19435592000279
1856,396.7078829479371,uk,12.510579796646145
1857,382.38997431092815,uk,12.059050229869431
1858,410.3638810307361,uk,12.941235352185293
1859,360.59820898661945,uk,11.371825118602032
1860,373.8591006495026,uk,11.790020598082714
1861,792.2166792394293,uk,24.98334519649464
1862,819.5749160701234,uk,25.846114553187412
1863,808.9282388433027,uk,25.510360940162393
1864,798.6009516398707,uk,25.184679610914962
1865,860.7247184045777,uk,27.143814719606763
1866,761.5314362053927,uk,24.015655372173264
1867,766.0240684647364,uk,24.15733502310393
1868,835.7879643562093,uk,26.357409243937415
1869,816.2141610539412,uk,25.74012978299709
1870,772.8552512810828,uk,24.372763204400226
1871,650.4151005285281,uk,20.51149061026766
1872,677.018004693848,uk,21.35043979602519
1873,619.6757752551115,uk,19.542095248445193
1874,645.5153461138053,uk,20.356971955044965
1875,639.3250571833238,uk,20.161755003333298
1876,748.8230579053155,uk,23.61488395410203
1877,816.8715902933249,uk,25.76086247149029
1878,822.3152191254003,uk,25.932532750338623
1879,793.3586471188697,uk,25.019358295540677
1880,771.5997458463899,uk,24.33316958501175
1881,742.156992100758,uk,23.404662902889502
1882,780.0248212808468,uk,24.598862763912784
1883,770.627091495267,uk,24.30249595739474
1884,822.6045683111291,uk,25.94165766625977
1885,806.554128732991,uk,25.4354910037236
1886,799.6797553763753,uk,25.21870076554937
1887,815.8402473214368,uk,25.728338039528833
1888,764.2831577225725,uk,24.102433661939045
1889,745.9728547006033,uk,23.524999945838225
1890,760.1899051947867,uk,23.973348850222795
1891,732.2880816927754,uk,23.093436944263367
1892,743.4369463564526,uk,23.44502754029709
1893,781.8026306448972,uk,24.65492776001748
1894,766.2499854077322,uk,24.164459539818242
1895,895.4589728168888,uk,28.239194166753407
1896,899.542234610215,uk,28.36796391066774
1897,904.4019676151621,uk,28.521220450711755
1898,926.6156623367332,uk,29.221751527451218
1899,863.4270181491606,uk,27.229034444351928
1900,867.0079832027445,uk,27.34196375828175
1901,792.1004644295859,uk,24.979680246251423
1902,890.5084105094799,uk,28.08307323382696
1903,845.6249105270537,uk,26.667627178381164
1904,917.9448206712251,uk,28.948307864687756
1905,829.5809628489045,uk,26.161665244403054
1906,835.104611828026,uk,26.33585903860863
1907,770.0518686925503,uk,24.28435573108827
1908,861.1348694864981,uk,27.156749244126207
1909,904.1726021047613,uk,28.51398717997575
1910,939.0411458838611,uk,29.613601576593446
1911,661.0907686297627,uk,20.848158479508196
1912,670.9033895521828,uk,21.157609292917638
1913,664.3249543143556,uk,20.95015175925752
1914,678.2166464707416,uk,21.388240163101308
1915,642.5683942178537,uk,20.264036880054235
1916,663.1803484919304,uk,20.914055470041518
1917,686.6808705524521,uk,21.65516793374213
1918,664.4870139720568,uk,20.955262472622785
1919,639.4248477168879,uk,20.164901997599777
1920,719.9782551674174,uk,22.705234254959674
1921,734.6871342519283,uk,23.169093465768814
1922,715.6993162708346,uk,22.570293637917043
1923,756.4663023837984,uk,23.855921311975468
1924,704.7764979287757,uk,22.22583163868187
1925,709.963284547391,uk,22.389402141486524
1926,720.3205448698654,uk,22.716028703016075
1927,701.1741150246272,uk,22.112226891416643
1928,705.3984516378337,uk,22.245445570850723
1929,685.8385605052812,uk,21.628604844094546
1930,622.6800175462628,uk,19.636837033338942
1931,652.3743222833269,uk,20.573276627526997
1932,665.9858949490666,uk,21.002531183113767
1933,637.8797015465306,uk,20.116174267971385
1934,699.2872410953736,uk,22.0527224351837
1935,690.2133853906304,uk,21.766569321678922
1936,694.4639950407563,uk,21.900616547605292
1937,632.6608987178092,uk,19.951594101964833
1938,671.769236955475,uk,21.184914656627857
1939,611.6573190068302,uk,19.289225212199398
1940,664.4750472742254,uk,20.954885090839973
1941,706.3728236728606,uk,22.276173367347333
1942,715.1239342884047,uk,22.552148391719133
1943,705.0219507563887,uk,22.233572239053473
1944,712.6498808154787,uk,22.474126641396936
1945,619.1451073311338,uk,19.525360104794636
1946,733.358144356037,uk,23.127182440411982
1947,738.8371440631837,uk,23.29996817517656
1948,721.1279943317523,uk,22.741492429246144
1949,677.8946432261063,uk,21.378085468778487
1950,730.8399015491838,uk,23.047767135255057
1951,798.142147424444,uk,25.170210761177266
1952,943.328815583413,uk,29.74881752823851
1953,926.6353054264582,uk,29.222370991928788
1954,973.2757996632114,uk,30.693225618179035
1955,961.1600977175591,uk,30.311144841620944
1956,1075.432959503312,uk,33.91485381089645
1957,1108.813032219287,uk,34.967527784067435
1958,1082.7778561643224,uk,34.14648247199808
1959,1141.9778774355702,uk,36.01341434280814
1960,1101.7547707882202,uk,34.74493845157731
1961,1192.3120818451803,uk,37.6007538130696
1962,1022.8764681798178,uk,32.25743230051874
1963,1221.7451706839577,uk,38.52895570268929
1964,1104.7788505179951,uk,34.840305829935495
1965,1294.480034985572,uk,40.822722383305
1966,1147.7817834164866,uk,36.19644632182232
1967,1223.023480637027,uk,38.569268485369285
1968,1262.7849867272914,uk,39.82318734143186
1969,1114.4547794779,uk,35.14544592561506
1970,1193.3850927644828,uk,37.63459228542073
1971,1109.022364439075,uk,34.97412928495067
1972,1283.571653229373,uk,40.47871565624151
1973,1221.7353332923096,uk,38.52864547070627
1974,996.3541395295374,uk,31.421024144203493
1975,1261.8403176233226,uk,39.793396256569096
1976,1274.6160226804375,uk,40.19629089125027
1977,1226.3908845827152,uk,38.67546293620051
1978,1071.3280500799067,uk,33.785401387319936
1979,1282.4738427053417,uk,40.444095103555654
1980,1253.3850387481018,uk,39.52675058196014
1981,1363.7149179713895,uk,43.00611365314574
1982,1299.5661168086206,uk,40.98311705967666
1983,1287.8768169297136,uk,40.61448329869545
1984,1268.094284382578,uk,39.990621352288976
1985,1102.301836392964,uk,34.76219071248852
1986,1247.5940175345388,uk,39.344124936969216
1987,1039.6094957034838,uk,32.785125056505066
1988,1303.0555403504277,uk,41.09315952049109
1989,1244.1477663623225,uk,39.23544396000221
1990,1348.2708045781053,uk,42.51906809317512
1991,1234.4253978338704,uk,38.928839346088935
1992,1198.8451217590675,uk,37.806779759793955
1993,1453.2172748520734,uk,45.82865997973499
1994,1248.919311275228,uk,39.385919400375585
1995,1133.561184697439,uk,35.747985520618435
1996,998.8050129176794,uk,31.498314887371937
1997,1282.3564853997902,uk,40.440394123567785
1998,1269.5721857999824,uk,40.037228451388245
1999,1153.681171780959,uk,36.38248943328433
2000,1258.2469966369854,uk,39.68007728594397
2001,1229.2294768535592,uk,38.76498078205384
2002,1204.996017745328,uk,38.00075441561666
2003,1126.1212874410703,uk,35.51336092074159
2004,1305.8797355732631,uk,41.18222334103843
2005,1267.5316286168093,uk,39.9728774400597
2006,1811.1815646455923,uk,57.117421822663395
2007,1289.1305091607758,uk,40.65401973689423
2008,1423.2622134061905,uk,44.883997161977625
2009,1328.715666256535,uk,41.90237725106609
2010,1415.2105851767794,uk,44.630081014134916
2011,1283.764361659061,uk,40.48479290928015
2012,1472.8970663587545,uk,46.44928188468968
2013,1377.1357966605417,uk,43.42935448348684
2014,1413.7052632853329,uk,44.58260918296625
1850,975.3220623252713,germany,30.757756557489756
1851,961.8559213166158,germany,30.33308833464079
1852,1102.5554376649532,germany,34.770188282201964
1853,1100.884920633768,germany,34.71750685710651
1854,957.5114215978683,germany,30.196080191510376
1855,948.1778235715169,germany,29.901735844151357
1856,1039.1817295295566,germany,32.771635022444094
1857,1194.6491579798585,germany,37.674455846052815
1858,1123.623723869847,germany,35.434597755959494
1859,1109.370149357498,germany,34.98509703013806
1860,1067.6326922916405,germany,33.66886458410918
1861,1040.3901911519115,germany,32.80974506816668
1862,937.5962163055468,germany,29.568034277411723
1863,1042.6419804754364,germany,32.88075749627336
1864,1016.525491989814,germany,32.05714791539077
1865,1028.4311112825028,germany,32.43260352540501
1866,1181.5600362674104,germany,37.26167730372906
1867,1097.312034522933,germany,34.60483232071521
1868,1112.4942085967718,germany,35.0836173623078
1869,1110.9867912942893,germany,35.03607945025671
1870,989.6359756392694,germany,31.20916012776
1871,1086.4117659990377,germany,34.26108145254565
1872,1123.3719099688917,germany,35.42665655277897
1873,1143.0218839919737,germany,36.046338133570885
1874,1122.0178320030761,germany,35.38395435004901
1875,1039.5911054322598,germany,32.78454510091175
1876,1058.184192117599,germany,33.370896682620604
1877,1151.9536529166653,germany,36.32801039837996
1878,1052.5349227130503,germany,33.192741322678756
1879,1097.7590001463207,germany,34.61892782861437
1880,1041.9874894056554,germany,32.86011746589675
1881,1172.6580304110591,germany,36.98094364704316
1882,1093.613613356443,germany,34.488198910808784
1883,1164.5566997898004,germany,36.72546008457115
1884,1156.7793921419361,germany,36.4801949105881
1885,1158.822274437987,germany,36.54461924667636
1886,998.4628057462108,germany,31.487523042012505
1887,1169.2355756729692,germany,36.873013114422754
1888,1093.728640489043,germany,34.491826406462465
1889,1124.1252137151857,germany,35.4504127397221
1890,1137.5201429147592,germany,35.87283522695984
1891,1177.4067513889102,germany,37.13069931180067
1892,1142.0305579977796,germany,36.015075677017975
1893,1154.6758772941068,germany,36.41385846634695
1894,1170.1656404182652,germany,36.902343636230405
1895,1367.0990790832404,germany,43.11283655796907
1896,1379.0311509320338,germany,43.489126375792615
1897,1348.7707528615244,germany,42.53483446224104
1898,1396.924373357746,germany,44.053407038209876
1899,1348.0932138774633,germany,42.51346759283968
1900,1600.9654357609106,germany,50.48804598215607
1901,1443.9060997321692,germany,45.535022761153684
1902,1606.9899818017311,germany,50.678036066099395
1903,1757.9085545409307,germany,55.437404176002794
1904,1645.0692611813954,germany,51.878904220616484
1905,1614.1701914714824,germany,50.90447115824467
1906,1880.8008280194663,germany,59.31293491242189
1907,1720.0089901967792,germany,54.24220351484563
1908,1876.2632088934818,germany,59.169836555664844
1909,2029.0165567495562,germany,63.987066133654004
1910,1900.8073497199812,germany,59.943860580769325
1911,1356.9542176016978,germany,42.79290820628714
1912,1430.0595123122905,germany,45.0983567802804
1913,1339.9288495969597,germany,42.255996200889726
1914,1298.405960991845,germany,40.94653038583882
1915,1322.966527891163,germany,41.72107242357571
1916,1355.7229554763383,germany,42.7540791239018
1917,1444.7643745148698,germany,45.562089314700934
1918,1382.4257892686521,germany,43.59617969037621
1919,1255.8678547667605,germany,39.605048667924564
1920,1380.1128577931486,germany,43.52323908336473
1921,1627.7812413806394,germany,51.33370922817984
1922,1643.4561694391239,germany,51.828033759432216
1923,1741.1402120433092,germany,54.908597726997805
1924,1667.7883515948552,germany,52.595373455895356
1925,1631.7440836393182,germany,51.45868142164954
1926,1329.0785513233375,germany,41.913821194532765
1927,1567.3723811371317,germany,49.42865541154059
1928,1372.426930531277,germany,43.28085568123435
1929,1339.161059634878,germany,42.231783176645514
1930,1460.9245607895434,germany,46.071716949059045
1931,1394.0673038365978,germany,43.963306493790945
1932,1311.6915365639463,germany,41.36550429708061
1933,1432.3370148948186,germany,45.170180101723
1934,1549.68366586052,germany,48.870824086577365
1935,1416.785784843266,germany,44.67975651081723
1936,1422.998004738144,germany,44.875665077422106
1937,1575.0152786024546,germany,49.669681826007015
1938,1419.6421040971638,germany,44.76983339480816
1939,1599.6989915854494,germany,50.44810739863873
1940,1448.4813788850252,germany,45.67930876451815
1941,1479.309182410471,germany,46.651494376496615
1942,1363.1244634341554,germany,42.98749307885952
1943,1379.4868208040425,germany,43.50349638087628
1944,1508.381546875925,germany,47.568320462279175
1945,1300.3627943680021,germany,41.00824108318932
1946,1404.8953526017087,germany,44.30477983964748
1947,1448.74942707687,germany,45.687761932296176
1948,1396.3346427406016,germany,44.03480929346761
1949,1330.9973606659337,germany,41.97433276596088
1950,1488.9586845429449,germany,46.95580107574631
1951,1728.6837626583383,germany,54.51577113919336
1952,1862.7715070236118,germany,58.74436224549662
1953,1799.2743673421357,germany,56.74191644850159
1954,2042.2831153870109,germany,64.40544032684477
1955,1781.5028354792057,germany,56.18147341967224
1956,2170.2817871322954,germany,68.44200643900406
1957,2211.703560959409,germany,69.74828349841593
1958,2005.0715994067757,germany,63.23193795889208
1959,2159.431944246641,germany,68.09984579376206
1960,1844.7008593806306,germany,58.174486301427564
1961,2377.4701514768108,germany,74.9758986969727
1962,2161.8452796646125,germany,68.17595273950322
1963,2319.298408597361,germany,73.14139461352637
1964,2247.448779651418,germany,70.87554471508713
1965,2422.455074722557,germany,76.39454323645056
1966,2306.1745853224484,germany,72.72752172272872
1967,2419.6370408303023,germany,76.30567371962442
1968,2328.300013052088,germany,73.42526921161065
1969,2379.529625535312,germany,75.04084627088159
1970,2270.054995178522,germany,71.58845432794988
1971,2208.02556889037,germany,69.6322943405267
1972,2574.2285203959914,germany,81.18087061920798
1973,2383.120195809603,germany,75.15407849505164
1974,2303.0639014329513,germany,72.62942319558955
1975,2659.2371121744723,germany,83.86170156953416
1976,2511.047687357264,germany,79.18839986849868
1977,2529.4737125599295,germany,79.76948299928993
1978,2610.576319445389,germany,82.32713481002979
1979,2520.013971648705,germany,79.47116060991355
1980,2672.7476518682297,germany,84.2877699493165
1981,2658.3902230658546,germany,83.83499407460478
1982,2916.8560122081776,germany,91.98597120099708
1983,2392.094868838865,germany,75.43710378370244
1984,2755.491949330351,germany,86.89719411408196
1985,2555.0882307496854,germany,80.57726244492207
1986,2561.976201442642,germany,80.79448148869515
1987,2236.8753606261357,germany,70.54210137270582
1988,2820.5982152081656,germany,88.9503853148047
1989,2424.8002272396816,germany,76.46849996623061
1990,2882.710000622816,germany,90.90914257964113
1991,2712.3300864074286,germany,85.53604160494467
1992,2494.8842975164084,germany,78.67867120647746
1993,2970.4641965536125,germany,93.67655890251473
1994,2424.370049354759,germany,76.45493387645168
1995,2737.320713833263,germany,86.32414603144579
1996,2432.2487755402776,germany,76.70339738543821
1997,2664.0782500725404,germany,84.01437169428763
1998,2697.582302609421,germany,85.0709554950907
1999,2253.490515307487,germany,71.06607689073691
2000,2878.968347946453,germany,90.79114582083935
2001,2751.052799024785,germany,86.75720107004562
2002,2542.1219950865907,germany,80.16835923705072
2003,2648.643333157259,germany,83.52761615444732
2004,3076.620116301617,germany,97.0242919876878
2005,3146.994418114867,germany,99.24361596967046
2006,2345.2081766204315,germany,73.95848505790194
2007,2732.765888941972,germany,86.18050507367404
2008,3231.8947646600095,germany,101.92103329831805
2009,3167.0771000594127,germany,99.87694342747363
2010,3163.4698246771695,germany,99.76318439101921
2011,2562.356933477821,germany,80.80648825415655
2012,3100.245632045158,germany,97.7693462521761
2013,2957.6699921396576,germany,93.27308087211624
2014,3041.3977276564124,germany,95.91351873937262
1850,2259.1107791231757,russia,71.24331753042847
1851,6044.5212000201245,russia,190.62002056383466
1852,6101.137333328622,russia,192.40546694385142
1853,5970.264146703078,russia,188.2782501304283
1854,6268.548408350652,russia,197.68494260574616
1855,6402.726907066733,russia,201.91639574125648
1856,6898.022396370994,russia,217.53603429195564
1857,6649.504807258814,russia,209.69878360171396
1858,6783.736779139114,russia,213.93192306693112
1859,6911.2715286549255,russia,217.95385892766174
1860,6879.892933128413,russia,216.9643035391376
1861,6163.7711831101815,russia,194.38068803056268
1862,6047.2899758292915,russia,190.70733667775252
1863,6237.7234455906555,russia,196.7128465801469
1864,6507.691167934475,russia,205.2265486719816
1865,6841.354323899865,russia,215.74894995850616
1866,6118.457225874511,russia,192.9516670751786
1867,6226.9899751803705,russia,196.37435585728818
1868,5818.247864075573,russia,183.48426464148724
1869,5932.612003666735,russia,187.09085214763417
1870,6626.377803677778,russia,208.96945041678237
1871,6942.534946150886,russia,218.93978206181433
1872,7087.394923998662,russia,223.5080863232218
1873,7643.676649809561,russia,241.05098682839431
1874,7518.636096349939,russia,237.10770793449166
1875,7967.366862261439,russia,251.25888136827675
1876,7344.114557270516,russia,231.603996678083
1877,7774.06965416127,russia,245.1630606136298
1878,7686.685515859094,russia,242.4073144281324
1879,8193.143849805761,russia,258.37898444747447
1880,8171.706387142549,russia,257.7029326249274
1881,7943.218718917604,russia,250.49734551978554
1882,8369.516785790343,russia,263.94108135668426
1883,8570.262413518025,russia,270.2717954727044
1884,8587.487146319378,russia,270.8149946463279
1885,9112.039648349322,russia,287.35728235034424
1886,9038.778889093586,russia,285.0469310464553
1887,8246.40422675471,russia,260.05860369493655
1888,8966.860616991738,russia,282.77891641745146
1889,9250.14413349871,russia,291.7125453940153
1890,9381.140584355706,russia,295.8436494682415
1891,9764.450829921096,russia,307.9317213723917
1892,9713.007573707395,russia,306.3094068444364
1893,10054.120851202451,russia,317.0667551635205
1894,9558.371479976422,russia,301.43280299253644
1895,9386.184839483163,russia,296.00272509794104
1896,10091.084116148186,russia,318.2324286868492
1897,9949.893579084748,russia,313.7798439100166
1898,10758.428765886356,russia,339.2778095609921
1899,11047.010861268236,russia,348.3785345209551
1900,10659.361849275905,russia,336.15363527876497
1901,13402.598871524007,russia,422.6643580123811
1902,13496.40631595536,russia,425.62266957996826
1903,13936.065617138069,russia,439.4877653020662
1904,14321.633844504351,russia,451.64704492028926
1905,13975.758312076176,russia,440.7395141296343
1906,14999.85371453486,russia,473.03538674157136
1907,14294.698966581747,russia,450.797626610122
1908,14504.298756487691,russia,457.40756558459583
1909,16201.033204795027,russia,510.91578314641595
1910,15850.34207675716,russia,499.8563877326138
1911,10952.278483469332,russia,345.39105425468887
1912,10367.507253764541,russia,326.9497087547186
1913,8813.247137064149,russia,277.934561714455
1914,9534.18200544219,russia,300.6699637236249
1915,10131.532479690846,russia,319.50800827953054
1916,10205.789291684847,russia,321.8497711025733
1917,9805.796797115496,russia,309.2356077938343
1918,9286.29359574802,russia,292.8525548355096
1919,8569.978492340619,russia,270.2628417344538
1920,10059.132399058852,russia,317.22479933671997
1921,11152.030045884361,russia,351.6904195270092
1922,11760.124499616612,russia,370.8672862199095
1923,11260.342283282951,russia,355.10615424561115
1924,11736.190014223424,russia,370.1124882885499
1925,11068.666141739197,russia,349.0614554458873
1926,9623.20475852521,russia,303.477385264851
1927,9905.108597751874,russia,312.36750473870313
1928,10496.883771128852,russia,331.0297266063195
1929,9322.36944452442,russia,293.9902428025221
1930,9724.949610094178,russia,306.68601090392997
1931,10958.550649078694,russia,345.5888532693457
1932,10242.241796357128,russia,322.9993372899184
1933,10365.459618635343,russia,326.8851345332842
1934,11608.552337542655,russia,366.0873065167452
1935,12180.046354134445,russia,384.1099418239839
1936,13769.4332320229,russia,434.2328464050742
1937,14543.825606643615,russia,458.65408433111304
1938,17445.43052181501,russia,550.1590969359582
1939,16548.29226333619,russia,521.86694481657
1940,15614.03228089326,russia,492.4041220102498
1941,11690.82256889774,russia,368.68178053275915
1942,11156.38240523912,russia,351.82767553162086
1943,11465.413850888986,russia,361.5732912016351
1944,11509.13365210806,russia,362.95203885287975
1945,9908.095033585983,russia,312.4616849791676
1946,11293.061566937477,russia,356.13798957494026
1947,11794.728470936747,russia,371.95855705946127
1948,10131.551694186212,russia,319.5086142278564
1949,11737.247459093285,russia,370.1458358699658
1950,10466.988091364969,russia,330.08693644928564
1951,12036.559622540866,russia,379.58494425644875
1952,12142.190805092527,russia,382.91612922939794
1953,12465.350926638988,russia,393.10730682248715
1954,13115.68942619864,russia,413.6163817446003
1955,13248.738379796356,russia,417.81221354525786
1956,12874.047589240909,russia,405.9959647743013
1957,12692.062132096986,russia,400.2568713978105
1958,13633.782276463156,russia,429.9549578705421
1959,13305.693414641864,russia,419.6083475241458
1960,14213.02627240422,russia,448.2219965265395
1961,11742.769726947668,russia,370.31998610902167
1962,12156.289879246402,russia,383.36075763191457
1963,12217.426462492453,russia,385.288760921162
1964,12812.219793240327,russia,404.04616339962695
1965,12811.147430032821,russia,404.012345353515
1966,11641.705560274466,russia,367.13282654881556
1967,12132.441707047745,russia,382.6086816734577
1968,12424.637396076125,russia,391.82336492265665
1969,12391.984762797883,russia,390.79363147959407
1970,12640.611479101475,russia,398.6343236049441
1971,12914.966661282831,russia,407.2863886302154
1972,15928.312671351241,russia,502.3152684037327
1973,12873.377610525398,russia,405.97483632552894
1974,12528.03680821928,russia,395.0841687840032
1975,14659.964161931513,russia,462.31662981067217
1976,15901.696532959118,russia,501.47590186339875
1977,14348.830253471033,russia,452.50471087346244
1978,13026.529959686413,russia,410.8046488086707
1979,15614.638793178405,russia,492.4232489816742
1980,17144.54832458997,russia,540.6704759642693
1981,13862.950175838763,russia,437.18199674525124
1982,17094.36809816617,russia,539.0879923437684
1983,17537.136873490508,russia,553.0511484423967
1984,16968.355582781373,russia,535.1140616585934
1985,13627.558564594008,russia,429.7586868930366
1986,16377.014873865752,russia,516.4655410622304
1987,13930.602457957424,russia,439.3154791141453
1988,13054.152421818346,russia,411.6757507744634
1989,14942.53489819041,russia,471.22778054933275
1990,15952.260509389307,russia,503.0704874241012
1991,16468.2083857774,russia,519.3414196538762
1992,15724.460201746026,russia,495.88657692226263
1993,15484.36550723829,russia,488.3149506362667
1994,13452.11964115213,russia,424.2260450033736
1995,12437.764777163253,russia,392.23735001262037
1996,11604.527145783131,russia,365.9603680694168
1997,11389.714001457833,russia,359.1860207499742
1998,11251.256442251746,russia,354.8196231628511
1999,11380.862900015038,russia,358.9068924148742
2000,11730.262561177437,russia,369.9255601292916
2001,12439.59162777614,russia,392.2949615735484
2002,12220.509229822448,russia,385.3859790716807
2003,10478.911486789339,russia,330.4629526473886
2004,10719.6023131388,russia,338.0533785471452
2005,19287.73342658233,russia,608.2579613407003
2006,11385.23497919974,russia,359.044770304043
2007,12233.33008207756,russia,385.79029746839797
2008,10766.080619252136,russia,339.5191184087353
2009,12479.463457587763,russia,393.55235959848767
2010,15307.69840802256,russia,482.7435769953994
2011,12348.097651530525,russia,389.40960753866665
2012,11901.502658683574,russia,375.32578784424516
2013,12531.013117861497,russia,395.1780296848802
2014,13108.387380298751,russia,413.3861044251014
1850,7026.881925279918,china,221.59974839562747
1851,17251.2745283546,china,544.0361935261906
1852,16120.491059906002,china,508.37580606519566
1853,14747.136775951736,china,465.06570536641397
1854,14680.343623069983,china,462.9593164971349
1855,13194.224533008955,china,416.0930648729704
1856,12165.919217986811,china,383.66442845843204
1857,12526.480494834052,china,395.0350888850867
1858,12116.425132987812,china,382.1035829939036
1859,12006.766003151723,china,378.6453726753927
1860,11289.21839415639,china,356.016791278116
1861,11548.237702891289,china,364.1852241983797
1862,11658.152976952326,china,367.6515122811685
1863,11337.54298668865,china,357.5407556282133
1864,11854.586997461249,china,373.84625555193793
1865,11393.452901491057,china,359.30393070142196
1866,9210.78549087329,china,290.47133124018006
1867,9303.516565988155,china,293.3956984250024
1868,9525.030277980217,china,300.3813548463841
1869,9725.982476293548,china,306.7185833723933
1870,8918.383399499713,china,281.25013888662295
1871,9957.554894114712,china,314.02145114080156
1872,9699.024380295561,china,305.8684328570008
1873,9682.893438434763,china,305.3597274744787
1874,9669.464530355539,china,304.9362334292923
1875,9883.076682930287,china,311.6727062728895
1876,10312.779759728337,china,325.22382250279287
1877,9311.349058586553,china,293.6427039115855
1878,9119.197295275784,china,287.58300590381714
1879,9402.40549670195,china,296.5142597439927
1880,9873.87507249313,china,311.3825242861434
1881,9547.639256166041,china,301.09435158245225
1882,9769.908442010148,china,308.10383262723207
1883,9828.901047501102,china,309.96422343399473
1884,9963.2074431418,china,314.1997099269198
1885,9509.242455642432,china,299.8834700811397
1886,10761.460431105637,china,339.37341615534734
1887,10388.20323401854,china,327.6023771880087
1888,11033.42492290913,china,347.9500883688623
1889,10587.522473906445,china,333.88810873711367
1890,10759.282989253545,china,339.3047483490998
1891,11236.731901629746,china,354.36157724979563
1892,11128.141357433218,china,350.93706584801396
1893,11296.998330464752,china,356.2621393495364
1894,11188.246725420397,china,352.8325487328576
1895,11514.533431229684,china,363.1223262872593
1896,11160.981404715394,china,351.9727095791047
1897,11646.288165477354,china,367.2773435864938
1898,11861.581917988005,china,374.06684736566973
1899,11884.902027192962,china,374.80227032955725
1900,11821.020516179613,china,372.7877029982403
1901,12351.755234291451,china,389.5249530686152
1902,12452.42856250138,china,392.69978714704354
1903,13678.498191181274,china,431.36511895709265
1904,13036.29976124098,china,411.11274927049556
1905,13222.787104434587,china,416.9938141254491
1906,12825.73304717934,china,404.47231737584764
1907,13272.823710010402,china,418.571768518888
1908,12644.47451625172,china,398.7561483445142
1909,13027.325330290661,china,410.82973161604633
1910,13714.691130044683,china,432.5064994770891
1911,13060.455931831819,china,411.87453826624824
1912,13653.288353633261,china,430.5701015201785
1913,12909.963463756487,china,407.12860779302457
1914,13369.576690510716,china,421.62297051194594
1915,13756.486343200615,china,433.82455331917464
1916,13732.515987735771,china,433.06862418923527
1917,13367.339534549863,china,421.5524195615645
1918,14638.25201742576,china,461.6319156215388
1919,14120.500334841427,china,445.3040985595592
1920,14720.942827796704,china,464.23965301739685
1921,14330.718701105887,china,451.93354495807523
1922,14605.092270091947,china,460.5861898296196
1923,13342.045714059555,china,420.75475363858214
1924,14988.721296663041,china,472.6843148115657
1925,13969.417783719628,china,440.5395592273822
1926,14705.380333161409,china,463.7488741865782
1927,13804.716014154212,china,435.34552422236726
1928,15420.158682909983,china,486.2901242242492
1929,15211.349684086834,china,479.70512363736236
1930,14950.902571384935,china,471.4916634911953
1931,14029.069275895497,china,442.4207286846404
1932,14622.875366471288,china,461.1469975570385
1933,14646.92816909238,china,461.9055267404973
1934,14552.24138710106,china,458.919484383619
1935,14076.614402706326,china,443.9201118037467
1936,15781.407700590731,china,497.68247324582927
1937,15355.963924033926,china,484.26567830833386
1938,15357.346330353064,china,484.3092738740142
1939,15668.449225641014,china,494.120214779815
1940,15815.130466156043,china,498.74595438069696
1941,14785.193339775282,china,466.26585716315327
1942,15987.524401292665,china,504.18256951916544
1943,14890.792214147956,china,469.5960232653699
1944,15717.265703103418,china,495.6596912130694
1945,16240.590649284446,china,512.1632667158343
1946,15816.842884247075,china,498.7999571976157
1947,15414.23422860619,china,486.10329063332483
1948,15665.492326187392,china,494.02696599864555
1949,15141.527633714883,china,477.5032154568325
1950,15006.890274845025,china,473.2572917075127
1951,16594.76757233588,china,523.3325901611843
1952,18456.915309752865,china,582.0572812083664
1953,17830.980230651243,china,562.3177925538176
1954,17773.417186874958,china,560.5024844052887
1955,19136.380566586497,china,603.4848975478717
1956,19663.110798191407,china,620.0958621317642
1957,18998.831845594483,china,599.1471610826676
1958,20440.952104439788,china,644.6258655656131
1959,19926.672187769553,china,628.4075341135006
1960,21927.31318451601,china,691.4997485868969
1961,18651.200669730617,china,588.1842643206247
1962,19958.549676611754,china,629.4128226016282
1963,19065.71095333542,china,601.2562606243857
1964,19901.34354280157,china,627.6087699657903
1965,19836.7731907971,china,625.5724793449773
1966,19762.547199838886,china,623.2316884941191
1967,21125.016918596186,china,666.1985335448494
1968,19731.726823025423,china,622.2597370909297
1969,22095.667540021324,china,696.8089715421124
1970,20761.369130839743,china,654.7305369101621
1971,22524.23411140279,china,710.3242469371985
1972,24925.77099201032,china,786.0591140040375
1973,24579.698475662804,china,775.1453711285022
1974,25586.15740751541,china,806.885060003406
1975,24804.7927046511,china,782.243942733877
1976,27601.48057149381,china,870.4402913026288
1977,26335.12415728402,china,830.5044754241088
1978,26792.64444785847,china,844.9328353076648
1979,29409.256889614557,china,927.4503252708846
1980,29199.506191796634,china,920.8356272644986
1981,32950.60687613741,china,1039.1303384458695
1982,33789.344957808695,china,1065.5807825894549
1983,36008.4314420824,china,1135.5618939575104
1984,36487.338903662116,china,1150.6647196658885
1985,37399.58669097395,china,1179.4333658865544
1986,39416.70972396015,china,1243.0453578548074
1987,38371.10996754898,china,1210.0713239366248
1988,41636.14511811456,china,1313.037472444861
1989,41639.98196113605,china,1313.1584711263865
1990,43192.95240291306,china,1362.1329469782663
1991,36532.27198435336,china,1152.0817292985676
1992,35795.417337719955,china,1128.8442811623365
1993,36937.9818189724,china,1164.8761946431139
1994,36638.02892539971,china,1155.4168801914052
1995,37761.44062799224,china,1190.8447916443633
1996,37157.850527061426,china,1171.8099742214092
1997,40137.39061371168,china,1265.7727503940114
1998,36096.31322857974,china,1138.3333339764906
1999,38206.18918890791,china,1204.8703822614
2000,40057.91894255885,china,1263.266531772536
2001,47669.91295503041,china,1503.3183749498392
2002,40218.82854687429,china,1268.3409770542276
2003,40677.90804836483,china,1282.8185082132331
2004,48766.17256758203,china,1537.890018091267
2005,44580.99610863407,china,1405.906293281884
2006,40824.75514899639,china,1287.44947837875
2007,42487.480567158076,china,1339.885187165897
2008,41922.22830872659,china,1322.0593919440016
2009,43160.22596015083,china,1361.1008858793164
2010,53902.93260258731,china,1699.8828825551934
2011,42510.21865555429,china,1340.60225552156
2012,41047.266490192706,china,1294.466596034717
2013,44712.70803688868,china,1410.0599606513215
2014,45306.93339640395,china,1428.7994515889948
1850,2360.770907717706,india,74.44927134578559
1851,6234.1962715385525,india,196.6016136192398
1852,5760.242561455519,india,181.65500941806124
1853,5161.274454791526,india,162.76595120630557
1854,5780.685145829318,india,182.29968675887335
1855,4552.950374262599,india,143.58184300274533
1856,3469.6119036708824,india,109.41768099416495
1857,4131.366161735049,india,130.2867632764765
1858,3221.1144243670096,india,101.58106448683802
1859,3231.753712068988,india,101.9165850638076
1860,2902.572946189722,india,91.53554043103908
1861,3494.5861126534105,india,110.20526764863796
1862,3717.9094256591366,india,117.24799164758653
1863,3091.617476270984,india,97.49724873168175
1864,3528.6981785470202,india,111.28102575865883
1865,3286.04339892724,india,103.62866462856944
1866,2591.667362904009,india,81.73082195654084
1867,2563.020389963091,india,80.82741101787603
1868,2516.103215473556,india,79.34783100317405
1869,3134.458747370972,india,98.84829105709098
1870,2194.6604767189115,india,69.21081279380759
1871,3333.8999772295715,india,105.13786968191178
1872,2554.9209149196436,india,80.57198597290588
1873,2337.2065710458023,india,73.70614642450043
1874,2450.1365413882145,india,77.26750596921873
1875,3009.508690149291,india,94.90786605254803
1876,3099.343753513636,india,97.74090461080601
1877,2421.1785697021323,india,76.35428737412644
1878,2231.600987584329,india,70.37576874445939
1879,2381.475207628737,india,75.10220214777985
1880,3272.813799213854,india,103.2114559720081
1881,2170.564615277587,india,68.45092570739399
1882,2608.113563862166,india,82.24946934995727
1883,2415.7110258010302,india,76.18186290966129
1884,2630.3747627809566,india,82.95149851906024
1885,2122.1927569757663,india,66.92547078398778
1886,3243.791844142292,india,102.29621959687132
1887,2412.122046446551,india,76.06868085673844
1888,2851.938071149972,india,89.93871901178552
1889,2679.4014888290953,india,84.49760535171436
1890,2957.117473581968,india,93.25565664688095
1891,2834.9850284036693,india,89.40408785573811
1892,2753.150245239963,india,86.82334613388748
1893,2906.567214729919,india,91.66150368372273
1894,2253.9389085164717,india,71.08021741897545
1895,2997.5717741833087,india,94.53142347064482
1896,2667.2637439299738,india,84.11482942857565
1897,2840.476725006091,india,89.57727399979208
1898,2734.9979179866373,india,86.25089434162659
1899,3399.1096792463627,india,107.19432284471328
1900,2946.25074114254,india,92.91296337267114
1901,2981.947856162853,india,94.03870759195173
1902,2225.8475122401182,india,70.19432714600437
1903,3254.930227917619,india,102.64747966761003
1904,2687.617679066783,india,84.75671112705007
1905,3406.843613430876,india,107.4382201931561
1906,2704.8849627483155,india,85.30125218523088
1907,3168.190410019521,india,99.91205277037561
1908,2318.369822338603,india,73.11211071727018
1909,2459.8577484006323,india,77.57407395356235
1910,3697.0106289052205,india,116.58892719315503
1911,2636.4344305628642,india,83.14259620223048
1912,3451.4993528555187,india,108.84648359165165
1913,2440.669019354253,india,76.96893819435573
1914,3374.0992912586285,india,106.4055952491321
1915,3039.8411154323335,india,95.86442941627406
1916,3263.744695753206,india,102.9254527252731
1917,2443.901028895507,india,77.0708628472487
1918,3277.0860703794624,india,103.34618631548672
1919,3103.398700213104,india,97.86878140992044
1920,3112.1651315943745,india,98.14523958996018
1921,3510.926243409717,india,110.72057001216882
1922,3225.6272374142013,india,101.72338055909425
1923,2526.6513408967817,india,79.6804766865209
1924,3969.9278034256363,india,125.19564320883087
1925,3500.7709558024812,india,110.40031286218704
1926,3569.3109996184626,india,112.56179168396784
1927,2955.554405506591,india,93.20636373205586
1928,4327.4036892240265,india,136.4690027433689
1929,3588.699883215441,india,113.17323951708214
1930,3383.801228096507,india,106.71155552925146
1931,3051.396141823376,india,96.228828728542
1932,4374.722596026467,india,137.96125178829064
1933,3753.627580851617,india,118.37439938973658
1934,4034.7522947267244,india,127.23994836650198
1935,3366.5883574029426,india,106.1687304390592
1936,4315.343004362916,india,136.08865698558893
1937,4196.996772168753,india,132.35649020711378
1938,3162.448230286105,india,99.73096739030261
1939,4283.307260953895,india,135.07837778144204
1940,4525.910145515335,india,142.72910234897162
1941,3625.2932273750266,india,114.32724721849884
1942,5344.751177964224,india,168.55207314827976
1943,3733.205741793428,india,117.73037627319754
1944,4076.2935924875223,india,128.5499947326865
1945,5446.564098375248,india,171.7628454063618
1946,4713.000010277939,india,148.62916832412506
1947,4141.845979881388,india,130.61725482153946
1948,4960.002679928094,india,156.41864451421236
1949,4713.814383605385,india,148.65485040137943
1950,4348.909687838371,india,137.14721591567084
1951,4255.912286976718,india,134.21444988209777
1952,5548.312079700282,india,174.9715697454281
1953,4472.143221471632,india,141.03350863232941
1954,3595.350325395842,india,113.38296786168327
1955,5489.123479743245,india,173.104998057183
1956,5287.091621875091,india,166.73372138745285
1957,4895.982973298328,india,154.39971904593605
1958,5956.004507682043,india,187.82855815426092
1959,4670.943956221755,india,147.30288860340926
1960,6605.954776257183,india,208.3253898240465
1961,4699.964286299779,india,148.21807373274982
1962,5441.2359182711125,india,171.59481591859782
1963,4923.2276804987205,india,155.25890813220764
1964,5506.938910340381,india,173.66682547649427
1965,5158.226786261297,india,162.66983993153625
1966,4741.457960306511,india,149.52661823622614
1967,6219.921511781552,india,196.15144479554303
1968,4211.836737232963,india,132.82448334537872
1969,7123.921091031417,india,224.65997552676674
1970,5294.813912601338,india,166.97725154779582
1971,5664.6642690960225,india,178.64085239021216
1972,6510.927457124679,india,205.32860828788387
1973,5244.2648994383635,india,165.38313786868824
1974,6913.065698471066,india,218.01043986698352
1975,5168.223393628402,india,162.98509294146527
1976,8052.266180079029,india,253.93626625497225
1977,6426.721286052577,india,202.67308247695408
1978,7334.094631857358,india,231.28800831025364
1979,7308.59104792147,india,230.48372728725147
1980,7017.89465948139,india,221.3163259814051
1981,7152.1317810722,india,225.5496278478929
1982,7530.1960668064485,india,237.47226316280816
1983,8129.35241609879,india,256.3672577940914
1984,7284.015345042036,india,229.70870792124563
1985,8390.882549620355,india,264.61487208482754
1986,9051.886107785613,india,285.46028029512706
1987,6896.294605494472,india,217.48154667887368
1988,9412.45767075629,india,296.8312651049703
1989,8992.137831025837,india,283.5760586392308
1990,8964.304084443807,india,282.6982936070199
1991,8094.473711713007,india,255.26732297258138
1992,8891.602874236029,india,280.4055882419074
1993,11197.776540552397,india,353.1330809828604
1994,9006.345912121411,india,284.0241246846608
1995,10967.532274033443,india,345.8720977939186
1996,8943.725681919792,india,282.0493331050226
1997,11935.38434454667,india,376.39428068962377
1998,9763.243843310614,india,307.89365784264356
1999,9520.74708877818,india,300.2462801917087
2000,11994.224763014461,india,378.24987212642407
2001,11617.070300727019,india,366.3559290037272
2002,10919.666261907572,india,344.36259523551723
2003,11176.525311897896,india,352.4629022360121
2004,9451.439222062929,india,298.0605873069765
2005,12815.55025686499,india,404.1511929004943
2006,11827.166138913526,india,372.981511356777
2007,11902.924728688384,india,375.37063424391687
2008,12468.406542396106,india,393.2036687210036
2009,11567.978930655152,india,364.80778355714085
2010,13789.36192916387,india,434.8613177981118
2011,12654.247309952872,india,399.0643431666738
2012,11852.222055888162,india,373.7716747544891
2013,13996.575717108388,india,441.3960118147301
2014,14600.778479903494,india,460.45015014223657
1850,132.52583491076976,japan,4.179334729746035
1851,328.5016756099083,japan,10.35962884203407
1852,330.80038617035467,japan,10.432120978268305
1853,333.2286602519164,japan,10.508699029704434
1854,330.4117004629876,japan,10.419863385800777
1855,331.90776804808417,japan,10.467043373164383
1856,347.1076411773629,japan,10.946386572169315
1857,341.1089843376091,japan,10.75721293007084
1858,344.99516219405336,japan,10.879767434951669
1859,343.55029892751935,japan,10.83420222697825
1860,357.93403740699915,japan,11.287807803667127
1861,328.5030220957326,japan,10.359671304811023
1862,338.65117321253746,japan,10.679703398430583
1863,346.2931579407641,japan,10.920701028819936
1864,334.1097344580175,japan,10.53648458586804
1865,342.6626652331848,japan,10.806209810793714
1866,306.1693821081662,japan,9.65535763416313
1867,310.8849965013693,japan,9.804069249667183
1868,314.1579183290906,japan,9.9072841124262
1869,322.160980352801,japan,10.159668676405934
1870,317.95931812083296,japan,10.027165056258589
1871,307.67796955484624,japan,9.702932447881631
1872,307.5991719644026,japan,9.7004474870694
1873,319.269710941029,japan,10.068489604236293
1874,324.53699091285176,japan,10.234598545427692
1875,329.1538912670929,japan,10.38019711499904
1876,321.35501719782945,japan,10.13425182235075
1877,316.2110401200025,japan,9.9720313612244
1878,328.19091992937507,japan,10.349828850892772
1879,319.7795675829712,japan,10.084568443296579
1880,325.617075680225,japan,10.268660098651575
1881,333.249422406237,japan,10.50935378500309
1882,333.9950561153317,japan,10.532868089653102
1883,334.76683483506116,japan,10.557206903358487
1884,333.19378607211604,japan,10.507599237570252
1885,337.23031677719615,japan,10.634895269885659
1886,353.44576625370695,japan,11.146265684576903
1887,346.5381490904474,japan,10.92842706971635
1888,361.4517428980444,japan,11.398742164032727
1889,360.00460965361276,japan,11.353105370036332
1890,355.0894248601144,japan,11.198100102388567
1891,375.9352814605891,japan,11.855495036141138
1892,377.8105133771051,japan,11.914632349860385
1893,375.2525876209697,japan,11.8339656032149
1894,385.82830348685775,japan,12.167481378761545
1895,395.2115652518583,japan,12.463391921782604
1896,401.5946517334694,japan,12.66468893706669
1897,404.0881958137756,japan,12.743325343183228
1898,405.1613172086584,japan,12.77716729949225
1899,407.9759020511512,japan,12.865928047085104
1900,414.90629814782307,japan,13.084485018389747
1901,443.3135355919728,japan,13.980335658428455
1902,446.81041796884455,japan,14.090613341065481
1903,450.5033453702094,japan,14.207073499594923
1904,447.0567487487753,japan,14.098381628541379
1905,439.170300589453,japan,13.84967459938899
1906,467.2677068741735,japan,14.735754403983934
1907,474.01548731519097,japan,14.948552407971862
1908,474.3008955130549,japan,14.9575530408997
1909,500.66373820539366,japan,15.788931648045294
1910,493.27299723557053,japan,15.555857240820952
1911,460.62488972011425,japan,14.526266522213524
1912,463.76353545808956,japan,14.625246854206312
1913,455.4172070623543,japan,14.362037041918406
1914,445.12356465341685,japan,14.037416734910154
1915,460.22632385178804,japan,14.513697348989988
1916,479.9764537620683,japan,15.136537445840586
1917,492.9827721710331,japan,15.5467047031857
1918,471.9450105893606,japan,14.883257853946075
1919,472.05173176500284,japan,14.88662341294113
1920,489.7008104717377,japan,15.44320475903672
1921,538.2028446532025,japan,16.972764908983393
1922,567.689056665453,japan,17.902642091001724
1923,572.3966339868435,japan,18.0511002494091
1924,578.840799640307,japan,18.254323457456717
1925,581.898286117921,japan,18.350744351014754
1926,566.0325909448935,japan,17.85040378803816
1927,564.7295047758299,japan,17.809309662610573
1928,591.3463947081918,japan,18.648699903517535
1929,615.0731759447585,japan,19.396947676593907
1930,582.0450208148881,japan,18.35537177641831
1931,532.8702966002244,japan,16.804597673584677
1932,532.7468295965605,japan,16.80070401815713
1933,530.8410599920495,japan,16.740603667909273
1934,544.0069451438277,japan,17.15580302205575
1935,544.0819175445705,japan,17.158167351685574
1936,560.2586466502445,japan,17.66831668076211
1937,569.3516521295438,japan,17.955073701557293
1938,584.5582473207845,japan,18.434628887508257
1939,587.2605356252969,japan,18.519848251479363
1940,585.7768195174272,japan,18.473057780301584
1941,521.2447446473074,japan,16.437974267197486
1942,531.2105504664231,japan,16.752255919509118
1943,517.7226418831939,japan,16.3269012344284
1944,549.9233540779896,japan,17.342382894203478
1945,537.1079041548466,japan,16.93823486542724
1946,568.9015326734615,japan,17.94087873439028
1947,549.5277977154155,japan,17.329908628753344
1948,547.5720229165732,japan,17.26823131469705
1949,545.8750521780861,japan,17.214715645488123
1950,565.9280141361804,japan,17.847105853798585
1951,564.4196745563205,japan,17.799538856808123
1952,598.7766125784357,japan,18.88301925427355
1953,606.5834065114393,japan,19.12921430774475
1954,622.2789182217825,japan,19.624187965042132
1955,632.76514399114,japan,19.95488158090459
1956,644.3939449366952,japan,20.321607447523622
1957,659.6195741357334,japan,20.801762889944488
1958,680.9824964404357,japan,21.475464007745583
1959,722.7245099780242,japan,22.791840146666974
1960,700.3425000298898,japan,22.086001080942605
1961,744.2429755365823,japan,23.47044647652166
1962,765.9087485365425,japan,24.153698293848404
1963,811.1745677615592,japan,25.581201168928526
1964,791.9640648895197,japan,24.975378750355894
1965,850.6132675169521,japan,26.8249400044146
1966,832.9193700722172,japan,26.26694525459744
1967,816.8996687666948,japan,25.76174795422649
1968,838.5818289225493,japan,26.445516556901516
1969,823.2332960208286,japan,25.961485223312852
1970,818.6209294987535,japan,25.81602963267269
1971,827.0290772207821,japan,26.081188979234586
1972,859.7186431061713,japan,27.112087128996215
1973,917.5925501824241,japan,28.93719866255293
1974,855.0516723804776,japan,26.964909540190742
1975,878.2162447819596,japan,27.695427495443877
1976,894.2317306683602,japan,28.200491858357406
1977,896.5207095356418,japan,28.272677095916002
1978,873.0787708895564,japan,27.533412118773047
1979,934.4676967128099,japan,29.469373283535177
1980,936.9677094134971,japan,29.548213684064045
1981,913.0066080401635,japan,28.792576391154597
1982,910.9712739271149,japan,28.728390094565494
1983,906.8829234422957,japan,28.599459873676235
1984,901.1291312885102,japan,28.418008284314457
1985,932.5599346946937,japan,29.409210100531862
1986,900.507620431432,japan,28.39840831792564
1987,848.681861034792,japan,26.7640311695932
1988,959.9601053541274,japan,30.27330188244776
1989,859.6997705245477,japan,27.11149196326214
1990,911.8819113080868,japan,28.757107955011826
1991,874.4183583723675,japan,27.57565734963098
1992,844.9634787310683,japan,26.64676826526297
1993,810.0450702849251,japan,25.545581336505396
1994,813.4931440233917,japan,25.65431978992168
1995,750.4171981059354,japan,23.66515675946878
1996,800.7877512561249,japan,25.253642523613156
1997,794.6567376801587,japan,25.060294879481482
1998,783.7683785975602,japan,24.716919587452654
1999,749.0924559543456,japan,23.623379690976243
2000,774.6861897236175,japan,24.430503679124
2001,1414.2012927847925,japan,44.59825196926121
2002,829.1225066243982,japan,26.147207368907022
2003,800.0866655363969,japan,25.231533084355814
2004,1012.2874628675767,japan,31.923497428991897
2005,788.4102236826271,japan,24.86330481405533
2006,768.456510849939,japan,24.23404452616368
2007,777.9669078891379,japan,24.533964407191853
2008,759.5333979436213,japan,23.95264523755004
2009,786.8973428269406,japan,24.8155946033904
2010,773.7565257398666,japan,24.401185795732435
2011,820.2030813986609,japan,25.86592437498817
2012,794.5795572651997,japan,25.057860917915338
2013,789.0609646385604,japan,24.88382658084164
2014,796.709319102093,japan,25.125025087203607
1850,353.3544705292381,iran,11.143386582610052
1851,403.8645760556331,iran,12.736273270490447
1852,454.05510348980187,iran,14.319081743654392
1853,433.83784727094826,iran,13.681510351536625
1854,429.1770555484445,iran,13.534527623775745
1855,375.15389991102666,iran,11.830853387594138
1856,428.7446936616213,iran,13.520892659312889
1857,419.5906544468578,iran,13.232210878636108
1858,438.5746435378002,iran,13.830889958608068
1859,455.07483115253285,iran,14.351239875226277
1860,465.3474922495755,iran,14.675198515582613
1861,441.485526567337,iran,13.92268756582754
1862,486.0792706550035,iran,15.32899587937619
1863,441.47667429039285,iran,13.92240840042183
1864,435.89068970477894,iran,13.74624879052991
1865,465.18708815937663,iran,14.670140012194102
1866,474.1228287787005,iran,14.951937528365098
1867,436.94755790336626,iran,13.779578186040558
1868,465.66440775123107,iran,14.685192762842822
1869,468.31712327993733,iran,14.768848799756103
1870,472.0871031286897,iran,14.887738884266358
1871,507.4734903357353,iran,16.003683991227746
1872,555.1280957837268,iran,17.50651962863561
1873,610.0390966186172,iran,19.238192950964713
1874,611.0467910775646,iran,19.26997160342208
1875,569.6996791654451,iran,17.966049082161476
1876,549.1019216817139,iran,17.316478202154528
1877,531.8315319909716,iran,16.77183919286728
1878,637.6669452073511,iran,20.109464784059025
1879,705.4348684465614,iran,22.24659401133076
1880,672.2167110869204,iran,21.199026200837125
1881,680.4268975663402,iran,21.457942641652107
1882,724.079934081717,iran,22.834584801201032
1883,662.992339151574,iran,20.90812640748404
1884,668.3194903112932,iran,21.076123446456943
1885,606.6692358975622,iran,19.131921023265523
1886,696.357845800264,iran,21.960341025157128
1887,719.5597403623564,iran,22.692035972067274
1888,675.7916191863268,iran,21.31176450266
1889,701.0487492494586,iran,22.10827335633093
1890,709.0206446229022,iran,22.359675048827842
1891,755.6476774264114,iran,23.83010515531931
1892,705.0382026012475,iran,22.234084757232942
1893,704.5993291679856,iran,22.220244444641594
1894,701.882027074655,iran,22.134551605826317
1895,702.8527906706939,iran,22.165165606591003
1896,803.523701136684,iran,25.339923439046466
1897,781.1082345482986,iran,24.633029284715146
1898,702.0833370419219,iran,22.14090011695405
1899,659.8377449437813,iran,20.80864312454709
1900,765.7164205243275,iran,24.147633037655194
1901,761.85967484107,iran,24.026006705787985
1902,775.7453220747129,iran,24.463904476948148
1903,807.4091630771062,iran,25.46245536679962
1904,739.0674265973034,iran,23.30723036517256
1905,730.3194199361436,iran,23.031353227106223
1906,787.7881795901588,iran,24.84368803155525
1907,927.1057148706465,iran,29.237205824160707
1908,797.8251233225154,iran,25.160213089098846
1909,864.2778075164578,iran,27.25586493783901
1910,826.5888505562448,iran,26.067305991141733
1911,856.1983289639073,iran,27.00107050220578
1912,879.4163643036924,iran,27.733274464681244
1913,1000.5069919558941,iran,31.55198849832108
1914,876.1724516617475,iran,27.630974435604866
1915,754.8378098541247,iran,23.804565171559673
1916,813.2681727739376,iran,25.647225096598895
1917,937.8275751784886,iran,29.575330410828816
1918,1007.9903463785103,iran,31.7879835633927
1919,942.7741073821044,iran,29.731324250402043
1920,952.5178947513756,iran,30.03860432887938
1921,916.9705812292347,iran,28.917584249645145
1922,973.0534703270646,iran,30.68621424023431
1923,936.6391032626361,iran,29.537850760490493
1924,900.3566152863763,iran,28.39364621967116
1925,896.4392243902045,iran,28.27010738036949
1926,988.0730967911983,iran,31.15987318040723
1927,1010.6362341325804,iran,31.87142427960506
1928,984.2102925348487,iran,31.03805578537899
1929,1006.5110211672171,iran,31.741331563529357
1930,1017.1617669569665,iran,32.07721348275489
1931,1033.299510286295,iran,32.58613335638859
1932,988.1808586941985,iran,31.16327155978024
1933,1039.5324661175785,iran,32.78269585148396
1934,1044.6598786143618,iran,32.94439393198251
1935,1121.1435885326844,iran,35.356384207966734
1936,1009.3867981662979,iran,31.83202206697237
1937,1044.2310496861699,iran,32.93087038290305
1938,1230.0938961086983,iran,38.792241107683914
1939,1038.5784572903929,iran,32.75261022910983
1940,1133.3409643333089,iran,35.74104065121522
1941,1091.2592275996485,iran,34.41395100158251
1942,1038.3611044470715,iran,32.745755789842846
1943,1287.0610659755614,iran,40.5887577766053
1944,1174.8897329342647,iran,37.051322617814975
1945,1137.7412505816994,iran,35.879808078344475
1946,1207.6359741285685,iran,38.08400808011854
1947,1182.0064591218922,iran,37.275755694867996
1948,1158.347533515551,iran,36.52964781694642
1949,1272.5151140192513,iran,40.130036635711114
1950,1498.4847650706845,iran,47.2562155512691
1951,1723.2385806512357,iran,54.344051879417364
1952,1792.8625842927424,iran,56.53971445825593
1953,1786.1554523019104,iran,56.32819834379305
1954,1751.8959809154387,iran,55.247791654149275
1955,1749.3338539745073,iran,55.16699241894006
1956,1837.9953267934864,iran,57.963020625759384
1957,1935.3548440858697,iran,61.03335036309199
1958,2117.1809102284783,iran,66.7674171849653
1959,1935.9723546365828,iran,61.052824175819275
1960,1914.9351555468281,iran,60.38939506532477
1961,1401.9678999402006,iran,44.212459692514166
1962,1755.2479809063025,iran,55.353500325861155
1963,1478.2355706436658,iran,46.61763695581864
1964,1748.8627805668777,iran,55.15213664795706
1965,1556.0949658609034,iran,49.07301084338945
1966,1544.9333673126937,iran,48.721018671573106
1967,1541.295715845173,iran,48.606301694893375
1968,1587.6553357180062,iran,50.06829866720304
1969,1578.278969489581,iran,49.77260558182343
1970,1749.274320084659,iran,55.165114958189804
1971,1509.4852392555651,iran,47.60312650516351
1972,1627.0706573793407,iran,51.31130025111489
1973,1774.7279406417626,iran,55.96782033607863
1974,2007.1270835090363,iran,63.29675970554097
1975,1847.718371918747,iran,58.26964657682961
1976,1773.547608070043,iran,55.930597368096876
1977,1789.7607259809329,iran,56.441894254534695
1978,1760.5347360824755,iran,55.520223437096945
1979,1676.5256935340615,iran,52.87091427129016
1980,1814.9589497276163,iran,57.23654543861011
1981,2255.9519770856173,iran,71.14370154937203
1982,2246.945395682703,iran,70.85966999824971
1983,1977.860309897226,iran,62.373802732918925
1984,2121.6172244309346,iran,66.90732078965395
1985,2319.251144154883,iran,73.13990408206838
1986,2344.363045100213,iran,73.93183299028031
1987,2195.1017952031293,iran,69.22473021352587
1988,2414.54422525296,iran,76.14506668757734
1989,2636.838004965793,iran,83.15532332460126
1990,2436.9561781220823,iran,76.85185003325797
1991,2420.5108926724383,iran,76.333231511318
1992,2439.425862511473,iran,76.92973400016182
1993,2478.460311011006,iran,78.16072436804309
1994,2611.803149865209,iran,82.36582413414924
1995,2528.94022150165,iran,79.75265882527603
1996,2697.1139941895963,iran,85.05618692076311
1997,2851.3889266888523,iran,89.92140119205965
1998,2904.0232178656915,iran,91.58127619861244
1999,2524.752209795401,iran,79.62058568810777
2000,2397.6359443162514,iran,75.6118471399573
2001,2585.9067654785263,iran,81.5491557561308
2002,2846.772455119908,iran,89.77581614466142
2003,2958.289528723724,iran,93.29261857783136
2004,3441.3238107772336,iran,108.52558769667084
2005,2679.4253655847974,iran,84.49835832908217
2006,2444.7641086038007,iran,77.09808092892946
2007,2955.34474181191,iran,93.19975177778039
2008,2930.164927124297,iran,92.40568114179183
2009,2523.123494004761,iran,79.56922250693414
2010,2534.511744874468,iran,79.92836238636121
2011,2591.5946388252423,iran,81.72852852999284
2012,3258.326356540307,iran,102.75457997985514
2013,2777.1905582909517,iran,87.58148144626345
2014,2816.8393984367017,iran,88.83184726909982
